bare;accented;translations
и;и;and
в;в;in, at, into, to, for, on, within
не;не;not
он;он;he, it (masculine inanimate nouns)
на;на;on (place), on (day/week), on (transport means), to, onto, upon, at
я;я;I
что;что;what
с;с;with, from, since, off, remove from
а;а;and, but, yet, oh, ah, oh well
это;э́то;this is, that is, it
она;она́;she, it, he, she, it, he, she
по;по;along, down, on the subject of, by the means of, hit or punch somewhere, after a age
но;но;but
они;они́;they
к;к;towards, to, visit someone
у;у;(possession), by, at (place), with, from (take, borrow)
из;из;from, out of
мы;мы;we
за;за;behind, at (location), at (direction), for (in support of), for (mistake for), for (reason), for (duration), following after, chasing after, over (a certain age), beyond, on the far side of, out of (location)
ты;ты;you
вы;вы;you (plural), you (formal)
так;так;so, thus, like this, this way, then
же;же;and, as for, but
от;от;from (away), from (part of a whole), from (cause), from (distance), from (someone), from (range), for, against a purpose
о;о;about, of, on, against
один;оди́н;one, 1, alone
ещё;ещё;still, yet, as far back as, as long ago as, only, some more
бы;бы;would
только;то́лько;only, just, simply
себя;себя́;ourselves, yourselves, himself, herself, itself, yourself, myself, themselves
для;для;for
уже;уже́;already, by this time, by now, now, no longer
когда;когда́;when, while, as
кто;кто;who
вот;вот;there, here, there is
да;да;yes
если;е́сли;if
до;до;to (direction), to (distance), before, until, up to (limit)
или;и́ли;or
нет;нет;no, not
ни;ни;neither, no
даже;да́же;even
под;под;under, below, underneath, to go down/below, to go/put under something, (impression, affection)
где;где;where
чтобы;что́бы;so that, in order to
ну;ну;well
два;два;two, 2
чём;чём;Prepositional of ́что́, than, how
там;там;there, later, by and by
ничто;ничто́;nothing, nought
потом;пото́м;afterwards, then, later on, later
очень;о́чень;very, very much, greatly
ли;ли;whether, if
при;при;at, in the presence of, in the time of, with, (circumstantial)
надо;на́до;it is necessary, need
без;без;without, to (time)
теперь;тепе́рь;now, nowadays, today
сейчас;сейча́с;now, soon, at once
тоже;то́же;also, as well, too
после;по́сле;after, afterwards, later
можно;мо́жно;one can, it is possible, may I, can I
через;че́рез;across, over, through, through, using, in (time) (no more than)
здесь;здесь;here, with us, in this country, about it, in it, at this point
тогда;тогда́;then
ведь;ведь;you know, after all, even
почему;почему́;why
потому;потому́;because
просто;про́сто;it is simple, it is easy, simply, just, just only, only
об;об;about, concerning
вдруг;вдруг;suddenly, all of a sudden
никто;никто́;nobody, no one
перед;пе́ред;in front of +instrumental case
над;над;above, over
конечно;коне́чно;certainly, of course
три;три;three, 3
несколько;не́сколько;some, a few
пока;пока́;bye (informal), while
более;бо́лее;more
хорошо;хорошо́;it is good, it is pleasant, well, good
хотя;хотя́;though, although, even though
всегда;всегда́;always
куда;куда́;wherever
сразу;сра́зу;immediately
совсем;совсе́м;completely, at all
почти;почти́;almost, nearly
снова;сно́ва;again
между;ме́жду;between
много;мно́го;a lot of, many
лишь;лишь;only, as soon as
опять;опя́ть;again
однако;одна́ко;however, though, but
про;про;about, for
никогда;никогда́;never, ever
будто;бу́дто;as if, as though
именно;и́менно;exactly, namely, to wit, that is, just
вообще;вообще́;in general, generally, on the whole, always
сегодня;сего́дня;today
вместе;вме́сте;together
таки;таки́;indeed, after all
чуть;чуть;nearly, a little
сколько;ско́лько;how much, how many
хоть;хоть;though, even, you may, might as well
зачем;зачем;what for, why
словно;сло́вно;as if, like
наконец;наконе́ц;finally
назад;наза́д;ago, back, backwards
быстро;бы́стро;fast, quickly, rapidly, with speed
давно;давно́;long ago, for a long time
прямо;пря́мо;straight, frankly, openly, bluntly, real, really, exactly, downright
долго;до́лго;a long time
нельзя;нельзя́;cańt
оно;оно́;it, he, she
кроме;кро́ме;except, besides
ж;ж;then
совершенно;соверше́нно;totally
поэтому;поэ́тому;so, therefore, that is why
точно;то́чно;exact
среди;среди́;among, amongst, amidst, in the middle
также;та́кже;also, as well, too, either
ко;ко;to, towards, by, for
вокруг;вокру́г;around
иногда;иногда́;sometimes, at times
затем;зате́м;then, after that, thereupon, upon which, subsequently, for that reason
оба;о́ба;both
откуда;отку́да;from where
четыре;четы́ре;four, 4
особенно;осо́бенно;especially, particularly, unusually, more than usual
вроде;вро́де;sort of
например;наприме́р;for example, for instance
туда;туда́;there
действительно;действи́тельно;really, actually
мало;ма́ло;little, few, not enough
равно;равно́;is indifferent, alike, in like manner, nor, equally
сюда;сюда́;here
слишком;сли́шком;too (much)
чтоб;чтоб;to
десять;де́сять;ten, 10
двадцать;два́дцать;twenty
видно;ви́дно;evidently, obviously, apparently, probably, one can see
против;про́тив;against, opposite, facing, contrary to, to, as against
немного;немно́го;a little, some, somewhat, slightly
разве;ра́зве;perhaps, unless, indeed, really
впрочем;впро́чем;however
тихо;ти́хо;quietly, it is calm, it is quiet, softly, gently, faintly, silently, calmly, peacefully, slowly
наверное;наве́рное;Probably, Maybe
либо;ли́бо;or
домой;домо́й;homeward, to ones home
ладно;ла́дно;well, all right, okay
часто;ча́сто;often, frequently, closely together, thickly
сначала;снача́ла;firstly, at first, all over again, afresh
вперёд;вперёд;forward, ahead, in the future, henceforward, henceforth, in advance, to the front
вполне;вполне́;quite, fully, entirely, completely
никак;ника́к;in no way
едва;едва́;hardly, only just, scarcely, just, barely
возле;во́зле;near, beside, by
довольно;дово́льно;quite, rather, pretty, fairly
медленно;ме́дленно;slowly
ясно;я́сно;clearly, evidently, clear
вчера;вчера́;yesterday
далеко;далеко́;far, it is far, it is a long way, far off, a long way off, a great distance away
около;о́коло;by, near, around, about
завтра;за́втра;tomorrow
плохо;пло́хо;it is bad
обычно;обы́чно;usually, generally, commonly, as a rule
иначе;ина́че;otherwise, differently
скоро;ско́ро;quickly, fast, soon
прежде;пре́жде;before, first, formerly, in former times
однажды;одна́жды;one day
сквозь;сквозь;through
мимо;ми́мо;past, by
возможно;возмо́жно;it is possible, it may be, it is not unlikely, possibly, perhaps
кстати;кста́ти;by the way, incidentally, besides, in fact
вместо;вме́сто;instead of
трудно;тру́дно;difficult
менее;ме́нее;less
легко;легко́;easy, easily, lightly, slightly
сто;сто;hundred
вниз;вниз;down, downwards
вовсе;во́все;At all, quite
двое;дво́е;two
спокойно;споко́йно;quietly, calmly
достаточно;доста́точно;it is enough, sufficiently, enough
столько;сто́лько;so much, so many
молча;мо́лча;silently, tacitly, without a word
видимо;ви́димо;apparently, evidently
сорок;со́рок;forty
поскольку;поско́льку;since, inasmuch as, as
шесть;шесть;six, 6
неожиданно;неожи́данно;unexpectedly, suddenly
вон;вон;out, there, over there
спасибо;спаси́бо;thanks, thank you
впервые;впервы́е;for the first time, first
сильно;си́льно;strongly, violently, heavily, greatly, badly, vastly
вновь;вновь;again, afresh, anew
впереди;впереди́;in front, ahead, before, in front of
пожалуйста;пожа́луйста;please, you are welcome, here you go
нечего;не́чего;nothing
зато;зато́;but, but then, but on the other hand, for it, in return
весьма;весьма́;extremely / very, highly, greatly
ибо;и́бо;for
правильно;пра́вильно;right, rightly, correctly, regularly, properly
интересно;интере́сно;it is interesting, interestingly
невозможно;невозмо́жно;it is impossible, impossibly
столь;столь;so
причём;причём;Moreover, in addition, and, at that, with, How is that relevant
недавно;неда́вно;recently
обратно;обра́тно;back, backwards, conversely, inversely
неужели;неуже́ли;really, actually
осторожно;осторо́жно;carefully, cautiously, guardedly, warily, gingerly
ради;ра́ди;for the sake of
слегка;слегка́;somewhat, slightly, gently
вскоре;вско́ре;soon, shortly after, before long
вверх;вверх;up, upwards, upstream
семь;семь;seven, 7
обязательно;обяза́тельно;necessarily, without fail
понятно;поня́тно;it is clear, naturally, of course, clearly, plainly, forcibly, perspicuously
страшно;стра́шно;it is terrible, scary, terribly, awfully, frightfully
странно;стра́нно;it is strange, in a strange way, strangely
несмотря;несмотря́;despite, in spite of
отсюда;отсю́да;from here, hence
явно;я́вно;evidently, obviously, manifestly, patently
оттуда;отту́да;from there
наверно;наве́рно;probably, most likely, for sure, certainly, for a certainty
немедленно;неме́дленно;immediately, at once
резко;ре́зко;sharply, drastically, abruptly, suddenly, quickly
трое;тро́е;three of ...
вдоль;вдоль;along
одновременно;одновре́менно;at the same time
естественно;есте́ственно;naturally, of course
верно;ве́рно;rightly, correctly, probably, likely
восемь;во́семь;eight, 8
наоборот;наоборо́т;inside out, back to front, the wrong way, on the contrary
гораздо;гора́здо;much, far, by far
громко;гро́мко;loud, aloud
поздно;по́здно;it is late, late
пятьдесят;пятьдеся́т;fifty
полностью;по́лностью;completely, utterly, in full
вероятно;вероя́тно;very likely
наиболее;наибо́лее;most
ой;ой;Oh
внутри;внутри́;inside, within
тяжело;тяжело́;hardly
постепенно;постепе́нно;gradually, little by little, by degrees
собственно;со́бственно;actually, truely, honestly
насчёт;насчёт;as regards, concerning, about, of
внимательно;внима́тельно;attentively, carefully, intently
вслед;вслед;following, after
примерно;приме́рно;around, approximately, roughly
случайно;случа́йно;by chance, by accident, accidentally, by any chance
нечто;не́что;something
весело;ве́село;funny, happily, cheerfully
постоянно;постоя́нно;constantly, continually, always
настолько;насто́лько;so, thus
прекрасно;прекра́сно;excellently, perfectly well
сверху;све́рху;from above, from top, on top
навстречу;навстре́чу;towards, approaching
господи;го́споди;lord, oh my God
далее;да́лее;further, later, then
полтора;полтора́;one and a half
внизу;внизу́;below, underneath, downstairs, at the foot, at the bottom
важно;ва́жно;it is important, with an air of importance, with a consequential air, grandly
внезапно;внеза́пно;suddenly, all of a sudden
напротив;напро́тив;opposite, on the contrary
зря;зря;to no purpose, for nothing
жалко;жа́лко;pitifully
практически;практи́чески;almost
сзади;сза́ди;from behind, from the rear, behind
честно;че́стно;honestly, fairly, frankly
итак;ита́к;thus, so
больно;бо́льно;it is painful, badly, hard, very, mighty, a bit too
очевидно;очеви́дно;obviously, apparently, manifestly, evidently
рано;ра́но;it is early, it is too early, early
строго;стро́го;strictly, severely
ниже;ни́же;lower, below
наверняка;наверняка́;for sure
приятно;прия́тно;it is pleasant, it is nice, pleasantly, agreeably
серьёзно;серьёзно;seriously, earnestly, in earnest
вряд;вряд;unlikely
навсегда;навсегда́;for ever, for good
тотчас;то́тчас;immediately, at once, instantly
спустя;спустя́;after, later
обо;обо;about (used only with first person prepositional case pronoun)
крепко;кре́пко;tightly
отчего;отчего́;why
никуда;никуда́;nowhere
абсолютно;абсолю́тно;absolutely, perfectly, utterly
нету;не́ту;there is no, there are no
решительно;реши́тельно;resolutely, decidedly, positively, absolutely
близко;бли́зко;near, close by, nearly
окончательно;оконча́тельно;finally, once and for all
редко;ре́дко;rarely
темно;темно́;it is dark
слышно;слы́шно;one can hear, they say, it is said, it is rumoured, audibly
еле;е́ле;hardly, only just, scarcely, barely
ох;ох;oh
здорово;здо́рово;magnificently, splendidly, superbly, healthily, soundly, wholesomely, fine
буквально;буква́льно;literally, word for word
кругом;круго́м;round, around, all round, entirely
чисто;чи́сто;it is clean, cleanly, neatly, purely, merely
полчаса;по́лчаса;half an hour
двенадцать;двена́дцать;twelve
оттого;оттого́;that is why
ровно;ро́вно;equally, sharp, exactly, smoothly, absolutely, regularly, evenly
мгновенно;мгнове́нно;instantly, in a trice, in a moment
глубоко;глубоко́;it is deep, deep, deeply, profoundly
девять;де́вять;nine, 9
твёрдо;твёрдо;firmly, firm
насколько;наско́лько;how much, as far as, so far as, to what degree
заранее;зара́нее;beforehand, in good time
сперва;сперва́;at first, firstly
широко;широко́;wide, widely, broadly
изо;и́зо;from, out of
таков;тако́в;such
специально;специа́льно;intentionally, on purpose, specially, especially
благодаря;благодаря́;thanks to, owing to, because of
эй;эй;hey, hi
позади;позади́;behind
отлично;отли́чно;excellently
слева;сле́ва;to the left
везде;везде́;everywhere
тщательно;тща́тельно;carefully, thoroughly, closely
путём;путём;by means of, by dint of, properly
боже;бо́же;my god, god
согласно;согла́сно;according to
некогда;не́когда;there is no time, once, in former times, in the old days
неплохо;непло́хо;not bad, rather well, quite good
радостно;ра́достно;With joy, happily
заметно;заме́тно;it is noticeable, one can see, noticeably, appreciably
немало;нема́ло;quite a lot, much, quite a few, many, quite a number of, a good many, a great deal
холодно;хо́лодно;it is cold, coldly
ха;ха;ha
непонятно;непоня́тно;it is incomprehensible, it is impossible to understand, incomprehensibly
непременно;непреме́нно;without fail, certainly
высоко;высоко́;high, high up, it is high
нигде;нигде́;nowhere
мягко;мя́гко;softly, mildly, gently
задумчиво;заду́мчиво;pensively
коротко;ко́ротко;briefly, in brief, intimately, short
исключительно;исключи́тельно;exceptionally, exclusively, solely
вечно;ве́чно;forever
аккуратно;аккура́тно;neatly, carefully, regularly
незаметно;незаме́тно;it does not show, it does not look as if, imperceptibly
особо;осо́бо;really
смешно;смешно́;funny, it is ridiculous, it makes one laugh, comically
каков;како́в;what
якобы;я́кобы;as if /as though / supposedly
увы;увы́;alas
удивительно;удиви́тельно;wonderfully, astonishingly, surprisingly, very, extremely, admirably, marvellously
вслух;вслух;aloud
значительно;значи́тельно;considerably, significantly
ужасно;ужа́сно;terribly, horribly, awfully, frightfully
невольно;нево́льно;involuntarily, automatically, unintentionally, unwittingly
ныне;ны́не;now, at present
вовремя;во́время;on time
ярко;я́рко;brightly, strikingly, brilliantly, vividly
посреди;посреди;in the middle
снизу;сни́зу;from below, from bottom, below, on the initiative of the masses
меж;меж;betwixt, between
немножко;немно́жко;a little, a trifle, a bit
дважды;два́жды;twice
вне;вне;out of, outside
др;др;birthday
нынче;ны́нче;nowadays
относительно;относи́тельно;relatively, concerning, relative to, about
крайне;кра́йне;extremely
охотно;охо́тно;willingly, readily, gladly
внутрь;внутрь;inside, inwards, in
недалеко;недалеко́;it is not far, not far
негромко;негро́мко;quietly, softly
накануне;накану́не;the day before, on the eve
чрезвычайно;чрезвыча́йно;extraordinarily, extremely, utterly
замуж;за́муж;marry
срочно;сро́чно;quickly, urgently
четверо;че́тверо;four
помимо;поми́мо;besides, apart from
грустно;гру́стно;it is sad, sadly, sorrowfully
нормально;норма́льно;normally
вежливо;ве́жливо;politely, courteously
неловко;нело́вко;embarrassing, uncomfortably, awkwardly
наверх;наве́рх;up, upward, upstairs, to the top
сидя;си́дя;sitting
шестьдесят;шестьдеся́т;sixty
всерьёз;всерьёз;seriously, in earnest
впоследствии;впосле́дствии;afterwards, later, later on, subsequently
отнюдь;отню́дь;by no means, not at all
неподалёку;неподалёку;not far away
ласково;ла́сково;affectionately, sweetly
сердито;серди́то;angrily
вдвоём;вдвоём;two
триста;три́ста;three hundred
поначалу;понача́лу;at first, firstly, in the beginning
отчетливо;отче́тливо;clearly, vividly
прочь;прочь;away, off
тихонько;тихо́нько;quietly, softly, gently, slowly, on the sly
некуда;не́куда;nowhere
поспешно;поспе́шно;in a hurry, hurriedly, hastily
напрасно;напра́сно;in vain, for nothing, uselessly, to no purpose
стоя;сто́я;upright
красиво;краси́во;beautifully
несомненно;несомне́нно;undoubtedly, doubtless, beyond all question, without question
изредка;и́зредка;now and then, from time to time, occasionally
включая;включа́я;including, included
ранее;ра́нее;before
глупо;глу́по;it is foolish, it is stupid, it is silly, foolishly, stupidly
небось;небо́сь;most likely
испуганно;испу́ганно;scared, startled, terrified
жарко;жа́рко;it is hot, hotly
уверенно;уве́ренно;confidently, with confidence
чётко;чётко;clearly, accurately
удивленно;удивленно;surprisingly, astonishingly
надолго;надо́лго;for a long time
скучно;ску́чно;boringly, tediously
фактически;факти́чески;practically, actually, in fact, virtually
следовательно;сле́довательно;consequently, therefore, hence
искренне;и́скренне;sincerely
издали;и́здали;from a distance
мысленно;мы́сленно;mentally
дескать;де́скать;they say
нередко;нере́дко;not infrequently, quite often
подобно;подо́бно;like
семьдесят;се́мьдесят;seventy
военно;военно;militarily
всюду;всю́ду;everywhere
наружу;нару́жу;outside
свободно;свобо́дно;freely, easily
недолго;недо́лго;not long
непосредственно;непосре́дственно;immediately, directly
нехорошо;нехорошо́;it is bad, it is wrong, badly
нарочно;наро́чно;on purpose
плотно;пло́тно;close, tightly
вначале;внача́ле;at first, in the beginning
растерянно;расте́рянно;perplexedly
неприятно;неприя́тно;it is unpleasant, unpleasantly
пешком;пешко́м;on foot, afoot
неудобно;неудо́бно;it is inconvenient, uncomfortably
безусловно;безусло́вно;undoubtedly, absolutely, unconditionally, there is no doubt that, of course, certainly
соответственно;соотве́тственно;accordingly, correspondingly, conformably, according to
стремительно;стреми́тельно;Swiftly
обидно;оби́дно;it is a pity, offensively
откровенно;открове́нно;frankly, candidly, openly
поверх;пове́рх;over
неподвижно;неподви́жно;motionless, fast
некого;не́кого;there is nobody one can
направо;напра́во;to the right
налево;нале́во;to the left, on the side
ежели;е́жели;if
сего;сего;this
опасно;опа́сно;dangerously, perilously
светло;светло́;it is light, brightly
отдельно;отде́льно;separately
подробно;подро́бно;in detail, at length, minutely
грубо;гру́бо;roughly, coarsely, rudely, crudely
небрежно;небре́жно;casually, carelessly, negligently
нисколько;ниско́лько;not at all, not in the least, none at all
торжественно;торже́ственно;solemnly
заодно;заодно́;at the same time
пошло;по́шло;vulgarly
благополучно;благополу́чно;all right, well, happily
густо;гу́сто;thickly, densely
печально;печа́льно;sadly, regrettably, unfortunately
научно;нау́чно;scientifically
нежно;не́жно;tenderly, delicately
лениво;лени́во;lazily, idly
открыто;откры́то;open, opened, openly, plainly
ежедневно;ежедне́вно;daily, every day
успешно;успе́шно;successfully, well
потихоньку;потихо́ньку;slowly, noiselessly, silently, on the sly, secretly, by stealth
полно;полно́;fully, brim-full, full to the brim
пристально;при́стально;fixedly, intently
мрачно;мра́чно;grim, dark, bleak
сбоку;сбо́ку;from one side, on one side, at the side
поди;поди́;I should not wonder, I dare say, just try
официально;официа́льно;officially
сухо;су́хо;it is dry, drily, coldly
равнодушно;равноду́шно;with indifference, indifferently
горько;го́рько;bitterly
целиком;целико́м;whole, wholly, entirely
бесплатно;беспла́тно;free of charge, gratis
мирно;ми́рно;peacefully, in harmony
нервно;не́рвно;nervously
отчаянно;отча́янно;desperately, awfully
низко;ни́зко;low, basely, meanly, despicably
терпеливо;терпели́во;patiently, with patience
вдали;вдали́;in the distance, at a distance, far off
глухо;глу́хо;deafly, dully, vaguely, in a muffled way (sound), out-of-the-way, remotely (place)
пусто;пу́сто;be empty
поперёк;поперёк;across
восемьдесят;во́семьдесят;eighty
бесшумно;бесшу́мно;quietly, silently, noiselessly
вплоть;вплоть;up to, right up to, down to
шестнадцать;шестна́дцать;sixteen
повсюду;повсю́ду;everywhere, far and wide
дружно;дру́жно;in a friendly manner, in friendly fashion, amicably, simultaneously, together, rapidly
изнутри;изнутри́;from within, on the inside
одинаково;одина́ково;equally
насквозь;наскво́зь;through, throughout
жадно;жа́дно;greedily, avidly
неважно;нева́жно;it is unimportant, never mind, not very well, poorly, indifferently
недостаточно;недоста́точно;it is insufficient, it is not enough, insufficiently
гордо;го́рдо;proudly
упорно;упо́рно;persistently
вправо;впра́во;to the right
попросту;по́просту;simply, without ceremony
устало;уста́ло;tiredly
тесно;те́сно;tightly, narrowly, closely
вправду;впра́вду;really, really and truly
издалёка;издалёка;from far away, from afar
дорого;до́рого;expensive, dear, dearly
впрямь;впрямь;really, indeed
ничуть;ничу́ть;not a bit
шумно;шу́мно;noisily
людской;людско́й;human
вплотную;вплотну́ю;close, in real earnest
активно;акти́вно;actively
влево;вле́во;to the left
стоп;стоп;stop
боковой;боково́й;lateral
ура;ура́;hurrah
снаружи;снару́жи;outside
смело;сме́ло;boldly, bravely, fearlessly
удобно;удо́бно;it is convenient, it suits, it is proper, comfortably
самостоятельно;самостоя́тельно;independently, without assistance
туго;ту́го;tight, with difficulty, slowly
виновато;винова́то;guiltily
вопреки;вопреки́;in spite of, despite, notwithstanding, against, in defiance of, regardless of, in the teeth of, contrary to
сравнительно;сравни́тельно;comparatively
живо;жи́во;vividly, strikingly, keenly, with animation, quick, promptly
северо;северо;North
пятьсот;пятьсо́т;five hundred
пополам;попола́м;in two, half-and-half
насмешливо;насме́шливо;derisively
восемнадцать;восемна́дцать;eighteen
мучительно;мучи́тельно;painfully, agonizingly, excruciatingly
недаром;неда́ром;not for nothing, not without reason, not without purpose
противно;проти́вно;II, against
тревожно;трево́жно;anxious, uneasy, troubled, perturbed, worried, disturbed, disturbing
бесконечно;бесконе́чно;infinitely, extremely, endlessly, without end
трижды;три́жды;three times, thrice
пятеро;пя́теро;five
горячо;горячо́;hotly, with heat, warmly, with warmth
внешне;вне́шне;outwardly, in outward appearance
круто;кру́то;super cool
невероятно;невероя́тно;it is incredible, it is inconceivable, it is beyond belief, incredibly, inconceivably
независимо;незави́симо;independently
вполголоса;вполго́лоса;in an undertone, in a low voice
категорически;категори́чески;categorically, flatly
недовольно;недово́льно;unhappy, displeased
бессмысленно;бессмы́сленно;senselessly, foolishly
автоматически;автомати́чески;automatically, independently
подозрительно;подозри́тельно;it is suspicious, suspiciously, with suspicion
вяло;вя́ло;limply, listlessly, inertly
чересчур;чересчу́р;too, way over, too much
наполовину;наполови́ну;half
отныне;отны́не;henceforth, henceforward, from now on
удачно;уда́чно;successfully, well
смущенно;смущенно;embarrassingly
семнадцать;семна́дцать;seventeen
запросто;за́просто;unceremoniously, without ceremony
бесполезно;бесполе́зно;it is useless, it is no good, it is of no use, uselessly
остро;о́стро;sharp, keenly
поблизости;побли́зости;near at hand, hereabout, close by
судорожно;су́дорожно;spasmodically
справедливо;справедли́во;fair, right, correct
плавно;пла́вно;smooth
бережно;бе́режно;with care, cautiously, solicitously, with solicitude
любопытно;любопы́тно;it is interesting
скромно;скро́мно;modestly
яростно;я́ростно;furiously
рф;рф;Russian Federation
нежели;не́жели;than
девяносто;девяно́сто;ninety
вблизи;вблизи́;close by, nearby
покорно;поко́рно;humbly, submissively, obediently
черно;черно́;black (short form)
сплошь;сплошь;completely, entirely, everywhere, nothing but
регулярно;регуля́рно;regularly
вследствие;всле́дствие;as a result of, owing to, on account of, in consequence of
намного;намно́го;way more
втроём;втроём;three
предварительно;предвари́тельно;beforehand, preliminarily, as a preliminary
сладко;сла́дко;it is sweet, sweetly
ненадолго;ненадо́лго;for a short while, not for long
смутно;сму́тно;vaguely, dimly
четырнадцать;четы́рнадцать;fourteen
мвд;мвд;Ministry of Internal Affairs (Russia)
неоднократно;неоднокра́тно;repeatedly, time and again, more than once
счастливо;счастли́во;happily
замечательно;замеча́тельно;it is remarkable, it is wonderful, remarkably, wonderfully, out of the ordinary
отчасти;отча́сти;partly, rather
вдобавок;вдоба́вок;in addition, to boot, moreover, into the bargain, on top of everything, as well
сложно;сло́жно;it is complicated, it is difficult, in a complicated manner
угрюмо;угрю́мо;sullenly
некто;не́кто;someone
свыше;свы́ше;from above, from heaven, over, beyond
преимущественно;преиму́щественно;mainly, chiefly
нелегко;нелегко́;difficult
неизменно;неизме́нно;invariable
рассеянно;рассе́янно;absentmindedly
вдвое;вдво́е;twice, half, in half
реально;реа́льно;really, truly
понемногу;понемно́гу;little, a little at a time, little by little
поистине;пои́стине;indeed, in truth
неизбежно;неизбе́жно;it is inevitable, inevitably, of necessity
нехотя;не́хотя;unwillingly, reluctantly, inadvertently
вовсю;вовсю́;fully, completely
ого;ого́;wow
бодро;бо́дро;cheerfully, briskly
социально;социа́льно;socially
сурово;суро́во;severely, sternly
единственно;еди́нственно;only, solely
беззвучно;беззву́чно;silently
прочно;про́чно;solidly, firmly, well
мелко;ме́лко;fine, not deep
хрипло;хри́пло;coarsley, gruffly, hoarsley
жёстко;жёстко;it is hard, hard
добровольно;доброво́льно;voluntarily
грозно;гро́зно;threateningly, menacingly, sternly
нелепо;неле́по;it is absurd, absurdly
непрерывно;непреры́вно;uninterruptedly, continuously
тайно;та́йно;secretly, in secret, in an underhand way
послезавтра;послеза́втра;the day after tomorrow
заново;за́ново;over again, from the start
шибко;ши́бко;much, smartly, quickly, hard
зачастую;зачасту́ю;often, frequently
посередине;посереди́не;in the middle, half way along
неохотно;неохо́тно;unwillingly, with reluctance, reluctantly
сколь;сколь;how
изрядно;изря́дно;fairly, pretty well
приблизительно;приблизи́тельно;approximately, roughly
тринадцать;тринадцать;thirteen
начисто;на́чисто;clean, fair, decidedly, completely, openly
ми;ми;E, mi
частично;части́чно;in part, partially
прилично;прили́чно;decently, properly, becomingly, decorously, quite well
конкретно;конкре́тно;specifically
тоскливо;тоскли́во;drearily, sadly, dully
мельком;ме́льком;in passing, cursorily
жестоко;жесто́ко;cruelly, nastily, viciously
тупо;ту́по;dully, stupidly, with a stupid air
негде;не́где;there is nowhere, there is no place
наутро;нау́тро;the next morning, on the morrow
взамен;взаме́н;instead of, in return for, in exchange for
жутко;жу́тко;eerily, creepily
частенько;часте́нько;quite frequently, fairly often
всячески;вся́чески;in every way possible, in every possible way
смертельно;смерте́льно;mortally
наизусть;наизу́сть;by heart, by rote
посредством;посре́дством;by means of, by the use of, through
гм;гм;ahem
подле;по́дле;by the side of, by side
наедине;наедине́;in private, privately, tete-a-tete, a deux
человечески;человечески;humanely, courteously
намерен;наме́рен;intending
этак;э́так;so, in this manner, thus
напоследок;напосле́док;in the end, in conclusion, after all
подолгу;подо́лгу;long, for hours, days, months
суждено;суждено́;destined, bound, meant to
сознательно;созна́тельно;consciously, conscientiously, deliberately
моментально;момента́льно;instantly, in a moment
мемуар;мемуар;memoire
определённо;определённо;definitely
полезно;поле́зно;it is useful, it is healthy, it is wholesome
уныло;уны́ло;despondently, dolefully, dejectedly
недоверчиво;недове́рчиво;with distrust, distrustfully, mistrustfully
притом;прито́м;besides
злобно;зло́бно;angrily
одиноко;одино́ко;lonely
сдержанно;сде́ржанно;with restraint, with discretion, with reserve
существенно;суще́ственно;significantly, remarkably
позавчера;позавчера́;the day before yesterday
ввиду;ввиду́;in view, owing to
основательно;основа́тельно;thoroughly
покуда;поку́да;as long as
маленько;ма́ленько;a little, a bit
тонко;то́нко;thinly, subtly
четыреста;четы́реста;four hundred
внутренне;вну́тренне;inwardly
тускло;ту́скло;dimly, wanly
безразлично;безразли́чно;it does not matter, with indifference
предельно;преде́льно;completely, extremely
близ;близ;near, close to
щедро;ще́дро;generously
кверху;кве́рху;up, upwards
обиженно;оби́женно;resentful
легонько;лего́нько;slightly, gently
хорошенько;хороше́нько;thoroughly, properly, well and truly
теоретически;теорети́чески;in theory, theoretically
незачем;не́зачем;no need, it is useless
приветливо;приве́тливо;friendly, welcoming
вкусно;вку́сно;it is tasty, delicious, palatable, savoury
поодаль;поо́даль;at some distance, aloof
шестеро;ше́стеро;six
принципиально;принципиа́льно;on principle, in the main, in essence
отрицательно;отрица́тельно;negatively
характерно;характерно;characteristically
смирно;смирно;quietly
умело;уме́ло;skilfully
набок;на́бок;on one side, awry, sideways
уютно;ую́тно;cosily, comfortably
нечаянно;неча́янно;by accident, accidentally, inadvertently
мило;ми́ло;nice, nicely, pretty, prettily
незадолго;незадо́лго;shortly, not long
тайком;тайко́м;secretly, in secret, surreptitiously, by stealth, on the quiet, on the sly
наподобие;наподо́бие;like, not unlike
сочувственно;сочу́вственно;with sympathy, sympathetically
выгодно;вы́годно;it is advantageous, it is profitable, it pays, advantageously
великолепно;великоле́пно;splendidly, magnificently, stunningly
добродушно;доброду́шно;with bonhomie, with friendliness, with cordiality
истинно;и́стинно;truly, really
бесследно;бессле́дно;without leaving a trace
душно;ду́шно;air stuffy
болезненно;боле́зненно;painfully, badly, oversensitively
гладко;гла́дко;smoothly
сугубо;сугу́бо;especially, particularly
страстно;стра́стно;passionately, with passion
подчас;подча́с;sometimes, at times
вверху;вверху́;above, overhead
славно;сла́вно;it is nice, famously, well
посредине;посреди́не;Middle, in the middle, Halfway
косо;ко́со;slantwise, obliquely, aslant, askew, asquint
напрямую;напряму́ю;Directly
насмерть;насмерть;to die
безумно;безу́мно;madly, awfully, frightfully
настежь;на́стежь;wide
алло;алло́;hello on the phone
деликатно;делика́тно;delicately
надобно;на́добно;necessary
назло;назло́;to spite
задолго;задо́лго;long before, well in advance
навеки;наве́ки;for ever, for good, for ever and ever
забавно;заба́вно;it is fun, amusingly, in an amusing way
восторженно;восто́рженно;enthusiastically, rapturously
параллельно;паралле́льно;parallel, simultaneously, at the same time
впредь;впредь;henceforth, henceforward, in future, for the future, in the future, from this time onward
обыкновенно;обыкнове́нно;usually, as a rule
формально;форма́льно;nominally, formally
любезно;любе́зно;kindly, courteously, politely, nicely
достойно;досто́йно;suitably, fittingly, with dignity
враз;враз;all together, simultaneously
босиком;босико́м;barefoot
украдкой;укра́дкой;by stealth, stealthily, furtively
публично;публи́чно;publicly, in public, openly
сверх;сверх;over, besides, above, beyond
су;су;sou
тщетно;тще́тно;vainly, in vain
ежегодно;ежего́дно;yearly, every year, annually
воистину;вои́стину;truly, in truth, indeed, verily
вдаль;вдаль;far
морально;мора́льно;morally
чуточку;чу́точку;a little, a wee bit, just a bit
достоверно;достове́рно;for certain for sure
поразительно;порази́тельно;amazing, astonishing
условно;усло́вно;on condition that, conditionally
девятьсот;девятьсо́т;nine hundred
давеча;да́веча;lately, recently
серо;серо;grey, cloudily
назавтра;наза́втра;the next day
пронзительно;пронзи́тельно;shrilly, piercingly, stridently
грязно;гря́зно;it is dirty, dirtily, untidily
вконец;вконе́ц;completely, utterly
логично;логи́чно;logical, logically
шестьсот;шестьсо́т;six hundred
извне;извне́;from without
долой;доло́й;down with, away with
периодически;периоди́чески;periodically
одобрительно;одобри́тельно;approvingly, with approval
общественно;обще́ственно;socially
искоса;и́скоса;askance, aslant
горестно;го́рестно;sorrowfully, sadly
хитро;хитро;slyly, cunningly, intricately, with cunning, adroitly
поневоле;понево́ле;willy-nilly
наугад;науга́д;at random, by guess-work
наглухо;на́глухо;tight, hermetically
безуспешно;безуспе́шно;to no effect, without success, unsuccessfully
наперёд;наперёд;in advance
кратко;кра́тко;briefly
посему;посему́;Therefore, thence
вредно;вре́дно;harmful, hurtful, unhealthy
семеро;се́меро;seven
наскоро;на́скоро;hastily, hurriedly, slapdash
кабы;кабы;If, if only
отовсюду;отовсю́ду;from everywhere, from every quarter
многократно;многокра́тно;repeatedly, many times, over and over again
поочерёдно;поочерёдно;in turn, by turns
разумно;разу́мно;reasonably, judiciously, wisely, cleverly, sensibly
вдогонку;вдого́нку;after, in pursuit of
превосходно;превосхо́дно;perfectly, excellent, first-rate
неуклюже;неуклю́же;awkwardly
изначально;изнача́льно;originally
восемьсот;восемьсо́т;eight hundred
оживлённо;оживлённо;animatedly, with animation
насильно;наси́льно;by force, under compulsion
средь;средь;amid, among
беспокойно;беспоко́йно;uneasily
наяву;наяву́;when one is awake
неверно;неве́рно;it is not true, incorrectly
втайне;вта́йне;in secret, secretly
властно;вла́стно;bossily, imperiously
последовательно;после́довательно;constantly, consecutively
семьсот;семьсо́т;seven hundred
напрочь;на́прочь;without a trace
спешно;спе́шно;in haste, hastily
спереди;спе́реди;in front
вмиг;вмиг;in an instant, in a moment, in a flash, in a twinkling, in no time
внятно;вня́тно;distinctly
беспрерывно;беспреры́вно;continuously, uninterruptedly, without a break
вдалеке;вдалеке́;in the distance, at a distance, far off
дополнительно;дополни́тельно;in addition
прохладно;прохла́дно;it is a little cold
невдалеке;невдалеке́;not far off
гневно;гне́вно;angrily, wrathfully
неприлично;неприли́чно;indecently
традиционно;традицио́нно;traditionally
наготове;нагото́ве;at call, in readiness
вдребезги;вдре́безги;into smithereens
усердно;усе́рдно;hard, diligently
невзначай;невзнача́й;by chance, quite unexpectedly
нарочито;нарочи́то;deliberately, intentionally, expressly
врасплох;враспло́х;unawares, by surprise
дурно;ду́рно;badly, bad, ill
искусственно;иску́сственно;artificially
секретно;секре́тно;secretly, covertly, in secret
убеждённо;убеждённо;with conviction
непросто;непро́сто;not easy, no simple task, not directly accomplishable
скверно;скве́рно;badly
бесспорно;бесспо́рно;there is no doubt, indisputably, unquestionably, undoubtedly, to be sure, assuredly, beyond question
наспех;на́спех;in a hurry, carelessly, in a slapdash manner
намертво;на́мертво;tightly, fast
взволнованно;взволно́ванно;with emotion, with agitation
вдоволь;вдо́воль;in plenty, in abundance
рядышком;ря́дышком;near, nearby, alongside
попутно;попу́тно;in passing, incidentally, at the same time
вторично;втори́чно;a second time, for the second time
заведомо;заве́домо;wittingly, deliberately
мимоходом;мимохо́дом;in passing, by the way
вбок;вбок;sideways
вглубь;вглубь;deep down, deep into
равномерно;равноме́рно;evenly, uniformly
доселе;досе́ле;hitherto, up to now
ничком;ничко́м;prone
некстати;некста́ти;inopportunely, malapropos, irrelevantly, out of place, ineptly
первоначально;первонача́льно;originally
дёшево;дёшево;cheap, cheaply
отвратительно;отврати́тельно;disgustingly, abominably
маловато;малова́то;not quite enough, barely sufficient
поутру;поутру́;in the morning
пятью;пятью;five times
положительно;положи́тельно;positively, absolutely
своевременно;своевре́менно;in time, in proper time, opportunely
наотрез;наотре́з;flatly, point-blank
помаленьку;помале́ньку;little by little, so-so
бишь;бишь;now
чертовски;черто́вски;devilishly
слепо;сле́по;blindly, blindfold
ненароком;ненаро́ком;inadvertently, by accident
напрямик;напрями́к;straight, point-blank
искусно;иску́сно;skilfully
нипочём;нипочём;never, not for the world, dirt-cheap
протяжно;протя́жно;in a drawling manner
грузно;гру́зно;heavily
навечно;наве́чно;for ever, for good, in perpetuity
обстоятельно;обстоя́тельно;thoroughly, in detail
поодиночке;поодино́чке;one at a time, one by one
наперебой;наперебо́й;in eager rivalry, vying with each other
впору;впо́ру;just right, one might as well, one can do little more than
незамедлительно;незамедли́тельно;without delay
хладнокровно;хладнокро́вно;coolly, in cold blood
вскользь;вскользь;casually
загодя;за́годя;in good time
уклончиво;укло́нчиво;evasively
мужественно;му́жественно;with fortitude
грамотно;гра́мотно;correctly, grammatically, competently
ядовито;ядовито;venomously, maliciously
ниоткуда;ниотку́да;from nowhere
бегло;бе́гло;fluently, superficially, cursorily
втрое;втро́е;three times
издавна;и́здавна;long since, since olden times
почитай;почита́й;almost, nigh on
впустую;впусту́ю;for nothing, to no purpose, in vain
рысью;ры́сью;at a trot
наизнанку;наизна́нку;inside out, on the wrong side
типично;типи́чно;Typically
законно;зако́нно;it is right, it is in accordance with the law, lawfully, legally
чудно;чу́дно;it is beautiful, wonderfully, beautifully, oddly, strangely
проклятье;проклятье;curse
наголо;на́голо;bare
молчаливо;молчали́во;Silently
неуклонно;неукло́нно;steadily
бессознательно;бессозна́тельно;unconsciously, instinctively
трезво;тре́зво;soberly, sensibly
азартно;аза́ртно;recklessly, heatedly, excitedly
неспроста;неспроста́;not without purpose, with some hidden design
смиренно;смире́нно;humbly, with humility, meekly
сыро;сы́ро;it is damp
живьём;живьём;alive
воедино;воеди́но;together
самолично;самоли́чно;oneself, by oneself
туманно;тума́нно;hazily, obscurely, vaguely, foggy
беспечно;беспе́чно;light-heartedly, with complete unconcern
соло;со́ло;solo
порядочно;поря́дочно;fair amount, fairly, pretty, rather, decently, honestly
свежо;свежо́;it is fresh, it is cool, it is chilly, fresh, coolly
психически;психи́чески;mentally
беспрепятственно;беспрепя́тственно;without difficulty, without hindrance, without obstruction, freely
безвозвратно;безвозвра́тно;irretrievably, irrevocably
беззаботно;беззабо́тно;light-heartedly, carelessly
повсеместно;повсеме́стно;everywhere
утвердительно;утверди́тельно;affirmatively, in the affirmative
невыгодно;невы́годно;it is not advantageous, it does not pay, disadvantageously, not to advantage, at a loss
натурально;натура́льно;naturally, of course
исподволь;и́сподволь;little by little, leisurely, gradually, by degrees
зорко;зо́рко;vigilantly, with a vigilant eye
неминуемо;немину́емо;inevitably, unavoidably
стыдливо;стыдли́во;diffidently, bashfully, shyly
наглядно;нагля́дно;by visual demonstration, visually, graphically, clearly
насовсем;насовсе́м;for keeps
сполна;сполна́;completely, in full
умно;умно́;it is wise, cleverly, wisely, sensibly
всецело;всеце́ло;completely, entirely, wholly, exclusively
поныне;поны́не;up to the present, until now, till now
безмерно;безме́рно;infinitely, beyond all measure
наравне;наравне́;on a level, equally
надвое;на́двое;in two, ambiguously
благородно;благоро́дно;nobly
подавно;пода́вно;so much the more, all the more
мокро;мо́кро;it is wet
поголовно;поголо́вно;one and all
вслепую;вслепу́ю;in the dark, blindly
молниеносно;молниено́сно;with lightning speed
безоговорочно;безогово́рочно;unreservedly, without reserve, unconditionally
наискосок;наискосо́к;obliquely, slantwise
невмоготу;невмоготу́;unbearable, intolerable
веско;ве́ско;with authority
безрезультатно;безрезульта́тно;without result, in vain, to no purpose
немножечко;немно́жечко;a wee bit
доверху;до́верху;up to the top, to the brim
наземь;на́земь;to the ground, down
вчетвером;вчетверо́м;four
итого;итого́;in all, altogether, total
накрест;накрест;crosswise
заживо;за́живо;alive
опрометью;о́прометью;headlong
скупо;ску́по;stingily, sparingly
восвояси;восвоя́си;out of here
навек;наве́к;for ever, for good, for ever and ever
вдвойне;вдвойне́;double, doubly, particularly, especially
сдуру;сду́ру;out of foolishness, foolishly
невпопад;невпопа́д;not to the point, out of place, inopportunely
чутко;чу́тко;keenly, tactfully
подло;по́дло;vile
сгоряча;сгоряча́;in a fit of temper, in the heat of the moment, rashly
покойно;поко́йно;quietly
зверски;зве́рски;brutally, bestially, awfully, terribly
попусту;по́пусту;in vain, to no purpose
накрепко;на́крепко;fast, firmly, strictly
кисло;ки́сло;sourly, acidly
покамест;пока́мест;Meanwhile
вчетверо;вче́тверо;four times
нещадно;неща́дно;mercilessly
наискось;на́искось;obliquely, slantwise
сообща;сообща́;together, jointly
поверху;по́верху;on top
преспокойно;преспоко́йно;very quietly, imperturbably
единогласно;единогла́сно;unanimously
мудро;му́дро;Wisely
дословно;досло́вно;literally
ввысь;ввысь;high into the air
спросонья;спросо́нья;half awake
наперевес;напереве́с;tilted forwards
воочию;воо́чию;Firsthand
плашмя;плашмя;flat, flatways, flatwise, prone
напролёт;напролёт;all the way
беспрекословно;беспрекосло́вно;implicitly, unquestioningly, without demur
поровну;по́ровну;equally
досадно;доса́дно;it is a nuisance, it is a pity
смачно;сма́чно;with relish
бесцельно;бесце́льно;aimlessly, pointlessly
промеж;проме́ж;between, among
непомерно;непоме́рно;excessively
дос;дос;pill-box
вручную;вручну́ю;by hand
давненько;давне́нько;for quite a while
благосклонно;благоскло́нно;with favour, favourably
вперемежку;впереме́жку;alternately, in turn, turn and turn about
донельзя;доне́льзя;to the utmost, in the extreme
преждевременно;преждевре́менно;prematurely
книзу;кни́зу;downwards
сродни;сро́дни;akin, in relationship
применительно;примени́тельно;conformably, in conformity, as applied
вкупе;вку́пе;together
вволю;вво́лю;in plenty
умышленно;ум́ышленно;deliberately
заочно;зао́чно;without seeing, by default, by correspondence
напоказ;напока́з;for show
досрочно;досро́чно;before the appointed time
внеземной;внеземно́й;extraterrestrial
вровень;вро́вень;flush, level
степенно;степе́нно;gravely
исподтишка;исподтишка́;stealthily, in an underhand way
трагически;траги́чески;tragically
позарез;позаре́з;urgently
раздельно;разде́льно;separately
навряд;навря́д;scarcely likely, hardly
впервой;вперво́й;for the first time ever
систематически;системати́чески;systematically, methodically
спьяну;спья́ну;in a state of drunkenness
недурно;недурно;rather well
ежемесячно;ежеме́сячно;monthly, every month
допоздна;допоздна́;till midnight
шестью;шестью;six times
досыта;досы́та;to satiety, to satisfaction
однофамилец;однофами́лец;person bearing the same surname, namesake
сокращённо;сокращённо;briefly, in abbreviated form
притворно;притворно;affectedly, hypocritically
доподлинно;допо́длинно;for certain
интуитивно;интуити́вно;intuitively, by intuition
радушно;раду́шно;cordially
детально;дета́льно;in detail, minutely
врассыпную;врассыпну́ю;in all directions, helter-skelter
безукоризненно;безукори́зненно;impeccably
складно;скла́дно;well
страшновато;страшнова́то;A bit scary
нечасто;неча́сто;not often
образно;о́бразно;figuratively, graphically
впрок;впрок;for future use, to advantage
стремглав;стремгла́в;headlong
храбро;хра́бро;bravely
многовато;многова́то;a bit too much, a bit too thick
уместно;уме́стно;it is appropriate, it is not out of place, appropriately, aptly, in place, opportunely
наповал;напова́л;outright, on the spot
звучно;зву́чно;loudly, sonorously
наслышан;наслы́шан;familiar by hearsay
начеку;начеку́;on the alert, on the look-out
походя;по́ходя;as one goes along, on the march, in passing, in an offhand manner
наперекор;напереко́р;in defiance of, counter
предположительно;предположи́тельно;supposedly, presumably, probably
дотла;дотла́;utterly, completely, to the ground
взаймы;взаймы́;loan, on loan
ошибочно;оши́бочно;by mistake, erroneously
несравненно;несравне́нно;incomparably, matchlessly, peerlessly, far, by far
томно;то́мно;languidly, languorously
набекрень;набекре́нь;aslant, tilted
свысока;свысока́;in a haughty manner
шутя;шутя́;in jest, for fun, jokingly, facetiously, easily
настрого;на́строго;strictly
мудрено;мудрено;ingeniously, subtly
невдомёк;невдомёк;unaware
единодушно;единоду́шно;unanimously, by common consent, as one man
взаимно;взаи́мно;mutually, reciprocally
безопасно;безопа́сно;it is safe, safely
безупречно;безупре́чно;perfect, flawless, impeccable
немудрено;немудрено;no wonder, small wonder
грешно;грешно;it is a sin
безучастно;безуча́стно;apathetically, with indifference
налегке;налегке́;without luggage, lightly clad
подлинно;по́длинно;really
громогласно;громогласно;loud, in a loud voice, openly, publicly
нежданно;нежданно;unexpectedly
наименее;наиме́нее;least
инкогнито;инко́гнито;incognito
визгливо;визгли́во;shrilly
фурункул;фуру́нкул;furuncle, boil
попеременно;попереме́нно;in turn, by turns, alternately
крадучись;кра́дучись;stealthily
нимало;нима́ло;not in the least, not at all
трудновато;труднова́то;it is not easy
впопыхах;впопыха́х;in a hurry, hastily, hurry-scurry
четырежды;четы́режды;four times
тактично;такти́чно;tactfully, with tact
вперемешку;впереме́шку;pell-mell, higgledy-piggledy, in a jumble
стихийно;стихи́йно;spontaneously
понемножку;понемно́жку;little, a little at a time, little by little
наперегонки;наперегонки́;competing in speed, racing one another
терпимо;терпимо;tolerantly, tolerably
трусливо;трусливо;apprehensively
вприпрыжку;вприпры́жку;skipping, hopping
письменно;пи́сьменно;in writing, in written form
томительно;томительно;it is wearisome
сносно;сно́сно;tolerably, so-so, pretty well
вкось;вкось;obliquely, slantwise, aslant
неоткуда;не́откуда;from nowhere
затемно;за́темно;before dawn, before daybreak, after dark
бездарно;безда́рно;without any show of talent
понаслышке;понаслы́шке;by hearsay
наотмашь;нао́тмашь;with the back of your hand, over the top, overgesticularily
метко;ме́тко;neatly, to the point
изумительно;изумительно;amazingly, wonderfully
прилежно;приле́жно;diligently, industriously, assiduously, studiously
десятью;десятью;ten times
заблаговременно;заблаговре́менно;in advance, early, in good time, ahead of time
всесторонне;всесторо́нне;comprehensively, thoroughly, closely, in detail, all around
насилу;наси́лу;with difficulty, hardly
посмертно;посме́ртно;posthumously
художественно;худо́жественно;artistically
постольку;посто́льку;in so far as, inasmuch as
железно;железно;without fail
ничегошеньки;ничего́шеньки;nothing at all, not a thing
навеселе;навеселе́;one over the eight
безвозмездно;безвозме́здно;gratis, free of charge
врозь;врозь;separately, apart
произвольно;произво́льно;at will, arbitrarily
роскошно;роско́шно;luxuriously, sumptuously
ничтожно;ничто́жно;insignificant, miniscule, negligibly, pathetically
порознь;по́рознь;separately, apart
голодно;го́лодно;hungry
включительно;включи́тельно;inclusive
взаправду;взапра́вду;really, in truth, indeed
сызнова;сызнова;anew, afresh
прелестно;преле́стно;lovely, adorably
напропалую;напропалу́ю;recklessly, desperately
рьяно;рья́но;with zeal, zealously
единожды;еди́ножды;once only, on one occasion only
пополудни;пополу́дни;in the afternoon, post meridiem
подчистую;подчисту́ю;without remainder
ужо;ужо́;later, by and by
жирно;жи́рно;fatly, greasily
гадко;га́дко;naughty
вольготно;вольго́тно;in freedom
неплотно;непло́тно;not closely, not tightly
утомительно;утомительно;tiresomely, wearisomely
помногу;помно́гу;in plenty
наружно;нару́жно;outwardly
устно;у́стно;orally, verbally, by word of mouth
нетвёрдо;нетвёрдо;not firmly, not for certain
вразнобой;вразнобо́й;discordantly
безраздельно;безраздельно;undividedly, completely, whole-heartedly
дотоле;дото́ле;until then, hitherto
сказочно;сказочно;dreamy, fabulously
спозаранку;спозаранку;very early
грациозно;грацио́зно;gracefully
натощак;натоща́к;on an empty stomach
одинёшенек;одинёшенек;quite alone
завидно;зави́дно;envy
второпях;второпя́х;hastily, in haste, hurriedly
невпроворот;невпроворот;a lot, a great deal
праздно;праздно;idly
засветло;за́светло;before nightfall, before dark
взаперти;взаперти;locked up, under lock and key, in seclusion
заслуженно;заслу́женно;deservedly
вскачь;вскачь;at a gallop, full gallop
абы;абы;provided that, as long as
синхронно;синхро́нно;synchronously
скользко;ско́льзко;slippery
ежечасно;ежеча́сно;hourly, every hour
пропорционально;пропорциона́льно;in proportion
сытно;сытно;well
невтерпёж;невтерпёж;unbearable, intolerable
баста;баста;stop, that́ s enough
узко;у́зко;narrowly, tightly
вширь;вширь;in breadth
односложно;односложно;monosyllabically
талантливо;тала́нтливо;ably, finely
вовек;вове́к;for ever, never
всенародно;всенаро́дно;publicly
незаслуженно;незаслу́женно;undeservedly, wrongly
доколе;доко́ле;until, as long as
визави;визави́;opposite, facing, vis-a-vis, the person facing
полбеды;полбеды;half the trouble, a small loss
нагишом;нагишо́м;stark naked
коллективно;коллекти́вно;collectively
бэби;бэби;Baby
премного;премно́го;very much, extremely
дивно;ди́вно;marvellously, wonderfully
пыльно;пыльно;it is dusty
гибко;гибко;flexibly
спросонок;спросо́нок;being only half-awake
десятеро;де́сятеро;ten
броском;броско́м;with one throw
впятером;впятеро́м;five
попарно;попа́рно;in pairs
касательно;каса́тельно;concerning
каре;каре́;square
наново;на́ново;anew
вкривь;вкривь;aslant, wrongly, perversely
впритык;вприты́к;very close, just, barely
средне;сре́дне;middling, so-so
брысь;брысь;scat
ветрено;ве́трено;it is windy, frivolously
намедни;наме́дни;the other day, lately
нескладно;нескладно;clumsily, awkwardly
вчистую;вчисту́ю;finally
щекотно;щеко́тно;it tickles
впроголодь;впро́голодь;half-starving
видеозапись;видеоза́пись;videotape recording
шикарно;шикарно;smartly
издревле;издре́вле;of yore, from of old, since olden days
урывками;уры́вками;in snatches, by fits and starts
вполовину;вполови́ну;half
поимённо;поимённо;by name
вразрез;вразре́з;counter to, contrary to
отвесно;отве́сно;plumb, sheer
планомерно;планоме́рно;systematically, regularly, according to plan
насухо;на́сухо;dry
анфас;анфа́с;full face
наобум;наобу́м;at random
благотворно;благотво́рно;beneficially
конфиденциально;конфиденциа́льно;in confidence, confidentially
предпочтительно;предпочти́тельно;rather, preferably, in preference
организованно;организованно;in an organized way
благожелательно;благожела́тельно;with kindness, favourably
пугающе;пуга́юще;scary
нестройно;нестройно;dissonantly, discordantly
ориентировочно;ориентировочно;approximately, as a guide
втуне;вту́не;in vain
восьмеро;во́сьмеро;eight
понизу;по́низу;low, along the ground, close to the ground
поздновато;позднова́то;too late
наудачу;науда́чу;on the off-chance
негосударственный;негосуда́рственный;non-state
электронно;электро́нно;electronically
припеваючи;припева́ючи;like kings, dreamlike
бордо;бордо́;claret, Bordeaux, wine-coloured
навыворот;навы́ворот;inside out, wrong side out, the wrong way round
метафорический;метафори́ческий;metaphorical, figurative
безвинно;безви́нно;guiltlessly, without guilt
оземь;о́земь;to the ground, down
промтовары;промтовары;manufactured goods
то;то;then
всё;всё;always, all the time, the whole time, still, only, all, all the same, however, nevertheless
его;его́;"genetive of ""he"", genetive of ""it"""
её;её;"genetive of ""she"""
их;их;their, them
какой-то;како́й-то;some, a, a kind of, something like
что-то;что́-то;something, somehow, it looks as if
больше;бо́льше;bigger, larger, greater, more
нужно;ну́жно;it is necessary, must, one should, one ought, you should, you ought, should
кто-то;кто́-то;somebody
рядом;ря́дом;near, next to, side by side, beside, by, next, next door
из-за;из-за;because of, due to, from, from behind
всё-таки;всё-таки;for all that, still, nevertheless, all the same, however
как-то;ка́к-то;somehow, one day, that is, how
всего;всего́;in all, only
какой-нибудь;како́й-нибудь;some, some kind of, any, about
необходимо;необходи́мо;it is necessary
известно;изве́стно;it is known
дома;до́ма;at home
что-нибудь;что́-нибудь;anything, something
почему-то;почему́-то;for some reason
где-то;где́-то;somewhere, anywhere
лучше;лу́чше;better, it is better
когда-то;когда́-то;once, formerly
давай;дава́й;let us
пожалуй;пожа́луй;perhaps, very likely, may, I think
во-первых;во-пе́рвых;first, first of all, in the first place, for one thing, firstly
лично;ли́чно;personally
из-под;и́з-под;from under, out of, from
кто-нибудь;кто́-нибудь;somebody, someone, anybody, anyone
по-прежнему;по-пре́жнему;as before, as usual
во-вторых;во-вторы́х;secondly
куда-то;куда́-то;somewhere, anywhere
похоже;похо́же;probably, it seems
чего;чего́;what
жаль;жаль;it is a pity
неизвестно;неизве́стно;it is not known
стыдно;сты́дно;it is a shame
кое-что;кое-что́;something, a little
когда-нибудь;когда́-нибудь;some time, some day, ever
вернее;верне́е;or rather
по-видимому;по-ви́димому;apparently, to all appearance, evidently, obviously
по-настоящему;по-настоя́щему;in the right way, properly, really
словом;сло́вом;in a nutshell, in a word
угодно;уго́дно;wanted, needed, any
вот-вот;вот-во́т;just on the point, just about
вообще-то;вообще́-то;actually
по-русски;по-ру́сски;in Russian, Russian
наряду;наряду́;alongside
эх;эх;eh, oh
чуть-чуть;чуть-чу́ть;extremely a little bit
совместно;совме́стно;in common, jointly, in conference
где-нибудь;где́-нибудь;somewhere, anywhere
слабо;слабо;faintly, feebly, weakly, bad, poorly
следом;сле́дом;immediately
по-другому;по-друго́му;differently
такой-то;тако́й-то;so-and-so, such person, such-and-such
максимально;максима́льно;at most, as much as possible
что-либо;что́-либо;anything, something
торопливо;торопли́во;hurriedly, hastily, in haste
родные;родны́е;relatives, kin, loved ones
по-разному;по-ра́зному;differently, in different ways
как-нибудь;ка́к-нибудь;somehow, anyhow, some time
откуда-то;отку́да-то;from somewhere
тем;тем;the, so much the
разом;ра́зом;at the same time, together, at once, at one go
дабы;дабы;in order, in order that he, may
старательно;стара́тельно;with application, with assiduity, studiously, assiduously, with diligence, diligently, zealously
толком;то́лком;plainly, clearly, seriously, earnestly
куда-нибудь;куда́-нибу́дь;somewhere, anywhere
сё;сё;this
ну-ка;ну́-ка;now, come on, well let́s see
бывало;быва́ло;would
в-третьих;в-тре́тьих;thirdly, in the third place
кое-как;ко́е-ка́к;muddle, sloppy, haphazardly, pell-mell, with difficulty
временно;вре́менно;temporarily, provisionally
кое-кто;кое-кто́;somebody, some people
так-то;та́к-то;so
коли;ко́ли;if
опять-таки;опя́ть-таки;but again, besides, and what is more, again
неправильно;непра́вильно;wrong, irregularly, incorrectly, erroneously, mis-
первое;пе́рвое;first course
шёпотом;шёпотом;in a whisper
желательно;жела́тельно;it is advisable, it is useful (+infinitive or чтобы), one wants (+ dative of agent)
даром;да́ром;for nothing, gratis, free, for next to nothing, for a trifle, for a song, in vain, to no purpose
кое-где;кое-где́;here and there
по-английски;по-англи́йски;In English
машинально;машина́льно;mechanically, absent-mindedly
необыкновенно;необыкнове́нно;unusually, uncommonly
давным-давно;давны́м-давно́;very long ago, long long ago, ages ago
кто-либо;кто́-либо;somebody, someone, anybody, anyone
пресс-служба;пресс-слу́жба;Press office, press center
бегом;бего́м;at a run, running, at the double, double-quick
нетерпеливо;нетерпели́во;impatiently
военно-морской;вое́нно-морско́й;naval
снисходительно;снисходи́тельно;indulgently, leniently, condescendingly
туда-сюда;туда́-сюда́;hither and thither, it will do, it is passable, it will pass muster, back and forth
ан;ан;on the contrary
по-новому;по-но́вому;in a new fashion
чудом;чу́дом;miraculously
блестяще;блестя́ще;brilliantly
то-то;то́-то;how
сколько-нибудь;ско́лько-нибудь;any
генерал-майор;генера́л-майо́р;major-general, Major-General
вольно;вольно́;freely, at ease
неудивительно;неудиви́тельно;not surprisingly
как-никак;как-ника́к;after all
безжалостно;безжа́лостно;merciless
когда-либо;когда́-либо;ever, some time, some day
невыносимо;невыноси́мо;unbearably, unsufferably
сосредоточенно;сосредото́ченно;with concentration
ну-ну;ну-ну́;well-well, there-there
принято;при́нято;it is accepted, it is usual
многозначительно;многозначи́тельно;significantly, with meaning
просто-напросто;про́сто-на́просто;simply
слышь;слышь;say
удовлетворённо;удовлетворённо;with satisfaction
щас;щас;right now
верхом;верхо́м;astride, on horseback, to the brim, brim-full
первоочередной;первоочередно́й;first and foremost, immediate
еле-еле;е́ле-е́ле;hardly, barely
более-менее;более-менее;more or less
общественно-политический;обще́ственно-полити́ческий;social and political
угрожающе;угрожа́юще;threateningly, menacingly
криво;кри́во;crookedly, awry
по-иному;по-ино́му;differently, in a different way
нерешительно;нереши́тельно;irresolute
порой;поро́й;at times, now and then
прямиком;прямико́м;straight
раньше;ра́ньше;before
свято;свя́то;piously
чего-то;чего́-то;something
бойко;бо́йко;smartly
браво;бра́во;bravo
вдохновенно;вдохнове́нно;inspiredly, with enthusiasm, enthusiastically
мало-помалу;ма́ло-пома́лу;little by little, bit by bit, gradually, by slow degrees
мигом;ми́гом;in a flash, in a jiffy
член-корреспондент;чле́н-корреспонде́нт;corresponding member, Corresponding Member
безропотно;безро́потно;without a murmur
бесцеремонно;бесцеремо́нно;without ceremony, in a free and easy manner, with undue familiarity
по-нашему;по-на́шему;as we think, in, according to, our opinion, to our way of thinking, as we would wish, as we would have it, as we advise, according to our custom
трогательно;тро́гательно;it is touching, touchingly, movingly, pathetically
здравствуйте;здра́вствуйте;hello
увлечённо;увлечённо;with enthusiasm, with animation
допустим;допу́стим;let us assume
непринуждённо;непринуждённо;without embarrassment, unconstrainedly
неизмеримо;неизмери́мо;immeasurably
разочарованно;разочаро́ванно;with disappointment, disappointedly
агропромышленный;агропромы́шленный;agroindustrial
мало-мальски;ма́ло-ма́льски;in the slightest degree, to the slightest extent
неистово;неи́стово;furiously, violently
по-моему;по-мо́ему;in my opinon
по-вашему;по-ва́шему;in your opinion, as you would have it
довольно-таки;дово́льно-таки́;quite, somewhat
здрасте;здра́сте;Short form of здравствуйте
в-четвёртых;в-четвёртых;fourthly, in the fourth place
навалом;нава́лом;in bulk, a lot of
положим;поло́жим;let us assume
порядком;поря́дком;pretty, rather, a good deal, properly, thoroughly
по-старому;по-ста́рому;as before, as of old
беспрестанно;беспреста́нно;continually, incessantly
вкрадчиво;вкра́дчиво;insinuatingly, ingratiatingly
безмятежно;безмяте́жно;serenely, quietly
безнаказанно;безнака́занно;with impunity
легкомысленно;легкомы́сленно;lightly, thoughtlessly, flippantly
по-хозяйски;по-хозя́йски;thriftily, wisely
философски;филосо́фски;philosophically
великодушно;великоду́шно;it shows generosity, magnanimously, generously
волей-неволей;во́лей-нево́лей;willy-nilly, like it or not
госслужащий;госслу́жащий;public servant
особняком;особняко́м;by oneself
по-домашнему;по-дома́шнему;simply, without ceremony
празднично;пра́зднично;festively
беспорядочно;беспоря́дочно;in confusion, in disorder, higgledy-piggledy
много-много;мно́го-мно́го;at most
услужливо;услу́жливо;helpfully, obligingly
аккурат;аккура́т;exactly, precisely
авансом;ава́нсом;in advance
авиабомба;авиабомба;aircraft bomb
авиапочтой;авиапо́чтой;air mail
авторалли;авторалли;motor rally
адски;а́дски;infernally, frightfully, terribly, awfully
амба;амба;kaput
анданте;анда́нте;andante
апостериори;апостерио́ри;a posteriori
априори;априо́ри;a priori
архилгун;архилгун;archliar
баба-яга;ба́ба-яга;Baba-Yaga
бай-бай;бай-ба́й;bye-bye
бакенбарды;бакенба́рды;whiskers, sidewhiskers
баттерфляй;баттерфляй;butterfly stroke
баю-бай;баю-бай;lullaby
безалаберно;безала́берно;in a disorderly manner, carelessly
безбедно;безбедно;comfortably
безвременно;безвре́менно;prematurely
безвыездно;безвы́ездно;without quitting, without break
безвыходно;безвыходно;without going out
безгранично;безграни́чно;infinitele
беззаветно;беззаве́тно;selflessly, devotedly, whole-heartedly
безобидно;безоби́дно;inoffensively
безответственно;безотве́тственно;irresponsibly
безотказно;безотказно;smoothly, without a hitch
безотлагательно;безотлага́тельно;urgently, without delay
безотлучно;безотлу́чно;absenting oneself for an instant, without going away for an instant
безотносительно;безотноси́тельно;irrelative
безрассудно;безрассу́дно;rashly, recklessly
безудержно;безудержно;without restraint, unrestrainedly, impetuously
бенефис;бенефи́с;benefit performance
беременная;бере́менная;pregnant
бесконтрольно;бесконтро́льно;uncontrolledly, without any control
бесперебойно;бесперебо́йно;without interruption, regularly
бесплодно;беспло́дно;in vain, vainly, unavailingly
бесподобно;бесподо́бно;it is excellent, excellently, splendidly
беспорядки;беспорядки;disturbance
беспошлинно;беспо́шлинно;free of duty, duty-free
беспременно;беспреме́нно;without fail, certainly
беспристрастно;беспристра́стно;impartially, without bias
беспричинно;беспричинно;without cause, without motive, for no reason
беспробудно;беспробу́дно;without waking, heavily
бессменно;бессме́нно;at a stretch, continuously, on end
бессовестно;бессовестно;it shows lack of scruple, unscrupulously, without scruple
благовоспитанно;благовоспи́танно;politely courteously
ближе;ближе;nearer, closer, more intimate
богаче;богаче;richer
боком;бо́ком;sideways
бочком;бочко́м;sideways, sidewise
брутто;бру́тто;gross
бултых;бултых;plop
буржуазно-демократический;буржуазно-демократический;bourgeois-democratic
театр-буфф;театр-буфф;comedy
бухарка;бухарка;Bokharan
быстродействующий;быстродействующий;fast-acting
вагоновожатый;вагоновожатый;tram-driver
ввек;ввек;never
ввечеру;ввечеру́;in the evening
ввосьмеро;вво́сьмеро;eight times
ввосьмером;ввосьмеро́м;eight
вгорячах;вгоряча́х;in the heat of the moment
вдевятеро;вде́вятеро;nine times
вдевятером;вдевятеро́м;nine
вдесятеро;вде́сятеро;ten times
вдесятером;вдесятеро́м;ten
весной;весно́й;in spring
весною;весно́ю;in spring
вечерело;вечерело;night was falling
вечерком;вечерко́м;in the evening
вечером;ве́чером;in the evening
вечор;вечо́р;last night, yesternight
видеотелефон;видеотелефон;videotelephone
видеотелефонный;видеотелефо́нный;videotelephone
видимо-невидимо;видимо-невидимо;multitudes, huge numbers, in immense quantity
визуально;визуа́льно;by sight, visually
виндсерфинг;виндсерфинг;wind-surfing
винтом;винтом;spirally
вихрем;вихрем;like the wind
вкруговую;вкругову́ю;round
влюблённо;влюблённо;lovingly, amorously
внове;вно́ве;new, strange
вовеки;вове́ки;for ever, never
водонепроницаемый;водонепроницаемый;watertight, waterproof
возмутительно;возмутительно;it is a scandal, it is scandalous, scandalously, outrageously
волхвы;волхвы;the Magi, the Three Wise Men
воровски;воровски́;thievishly, in an underhand way
ворчливо;ворчли́во;peevishly, querulously
восемью;восемью;eight times
восьмичасовой;восьмичасовой;of eight hours, eight-hour
вотще;вотще́;in vain
вполнакала;вполнака́ла;dimly, half-heartedly
впопад;впопа́д;apropos
впритирку;вприти́рку;very tightly
впросонках;впросо́нках;still half asleep, only half awake
впятеро;впятеро;five times
в-пятых;в-пятых;fifthly, in the fifth place
враждебно;вражде́бно;hostilely, with enmity, with animosity
вразбивку;вразби́вку;at random, at haphazard
вразброд;вразбро́д;separately, disunitedly, in disunity
вразброс;вразбро́с;separately
врастяжку;врастя́жку;at full length
временами;времена́ми;at times, now and then, now and again, from time to time
врукопашную;врукопа́шную;hand to hand
всемерно;всеме́рно;to the utmost, in every possible way, in every way possible
всемеро;все́меро;seven times, sevenfold
всемером;всемеро́м;seven
всплошную;всплошну́ю;in a solid mass
встарь;встарь;in olden times, formerly, in olden days, of old
всуе;всу́е;in vain
всухую;всуху́ю;without scoring a point
втёмную;втёмную;blindly, in the dark
втридорога;втри́дорога;triple the price
втройне;втройне;three times as much
вчерне;вчерне́;in the rough
ВЧК;ВЧК;All-Russian Special Commission for Combating Counter-revolution and Sabotage
вчуже;вчуже;as an outsider
вшестеро;вше́стеро;six times, sixfold
вшестером;вшестеро́м;six
въявь;въявь;in reality
выдуманный;выдуманный;made-up, concocted, fabricated, invented
выпукло;вы́пукло;in relief, vividly, graphically
высокопарно;высокопа́рно;grandiloquently, bombastically, in a high-flown manner
вычурно;вы́чурно;pretentiously, artificially, in a bizarre manner
галопом;гало́пом;at a gallop
гантели;гантели;dumb-bells
где-либо;где́-либо;somewhere, anywhere
герметически;гермети́чески;hermetically
гермоперчатки;гермоперча́тки;pressurized gloves
завод-гигант;завод-гигант;giant factory
гидрографический;гидрографи́ческий;hydrographic
гипосульфит;гипосульфит;hyposulphite, hypo
гипотермия;гипотермия;hypothermia
гласно;гласно;publicly, openly
глиссандо;глисса́ндо;glissando
глубокомысленно;глубокомысленно;thoughtfully, with a thoughtful air, with a wise air, looking wise
гнусаво;гнуса́во;nasally, with a nasal twang, through the nose
годами;года́ми;for years, for years on end
голословно;голосло́вно;without adducing any proof
голышом;голышо́м;stark naked
горделиво;гордели́во;haughtily, proudly
горячее;горя́чее;first course
господа;го́спода;gentlemen, ladies and gentlemen, Messrs, the masters
градом;гра́дом;thick and fast
грядёт;грядёт;is coming, is approaching, is drawing near
гуманно;гума́нно;humanely, with humanity
гуртом;гурто́м;wholesale, in a body, en masse
гурьбой;гурьбой;in a crowd
дальше;да́льше;farther, further, then, any longer
двойняшки;двойняшки;twins
двояко;двоя́ко;in two ways
девятью;де́вятью;nine times
дельно;дельно;efficiently, in business-like fashion, sensibly
день-деньской;день-деньско́й;the livelong day, all day long
десятисложный;десятисложный;decasyllabic
де-факто;де-фа́кто;de facto
де-юре;де-ю́ре;de jure
диаметрально;диаметра́льно;diametrically
диафильм;диафильм;film strip
дисквалификация;дисквалифика́ция;disqualification
дифтерит;дифтерит;diphtheria
днём;днём;in the day-time, by day, in the afternoon
докуда;доку́да;how far
долее;до́лее;longer
дополна;дополна́;brimful
досиня;до́синя;until blue, until livid
досконально;досконально;thoroughly
досуха;досуха;dry
досюда;досю́да;up to here, as far as this
дотемна;дотемна́;until it gets dark
дотуда;дотуда;up to there, up to that place
дочерна;дочерна́;till is black
дочиста;до́чиста;till is spotless, completely
душевная;душе́вная;shower-baths, showers
единовременно;единовре́менно;once only, on one occasion only, in a lump
ежеминутно;ежемину́тно;every minute, every instant, continually, incessantly
еженощно;ежено́щно;nightly
ежесуточно;ежесуточно;every day
по-женски;по-же́нски;in a feminine way
забрезжило;забрезжило;it is just beginning to get light
завистливо;зави́стливо;with envy, enviously
заглазно;загла́зно;in absence, without seeing
задёшево;задёшево;very cheaply
задом;за́дом;backward
задыхаясь;задыха́ясь;breathlessly
заездом;зае́здом;passing through, in transit
заимообразно;заимообра́зно;on credit
закономерно;закономерно;it is in order, it is as it should be, naturally, appropriately, as the natural result
залпом;за́лпом;in one gulp
запальчиво;запа́льчиво;passionately, heatedly
заподлицо;заподлицо́;flush
зараз;зара́з;at once, at a sitting, at one fell swoop, at one blow
засахаренный;засахаренный;candied, fruits
засим;заси́м;hereafter, after this
звуконепроницаемый;звуконепроницаемый;sound-proof
здраво;здра́во;reasonably, soundly, sensibly
земляне;земля́не;inhabitants of the Earth, dwellers on the planet Earth
зимой;зимо́й;in winter
идиосинкратический;идиосинкратический;idiosyncratic
инженер-электрик;инженер-электрик;electrical engineer
инженер-строитель;инжене́р-строитель;inşaat mühəndisi, Civil engineer
интенсификация;интенсифика́ция;intensification
искони;искони́;from time immemorial
исподнизу;исподни́зу;from underneath
исполу;и́сполу;half and half
исстари;и́сстари;from olden times
как-либо;ка́к-либо;somehow
каково;каково́;how
каракуль;каракуль;astrakhan fur
келейно;келейно;privately, in camera
кое-когда;кое-когда́;now and then
кое-куда;кое-куда́;somewhere
коллегиально;коллегиа́льно;collectively, jointly
кондитерская;конди́терская;sweet-shop
контрабандой;контраба́ндой;instrumental case singular of: контрабанда
кончая;конча́я;ending with ...
краше;краше;more beautiful, finer, better
крепко-накрепко;крепко-на́крепко;very tightly, very firmly, doubly tight
крест-накрест;крест-на́крест;criss-cross, cross-wise
кувырком;кувырко́м;topsyturvy
куда-либо;куда́-либо;somewhere, anywhere
Кузбасс;Кузбасс;the Kuzbas
кукареку;кукареку́;cock-a-doodle-doo
кулисы;кулисы;wings, side-scenes, slips, coulisses
курсы;ку́рсы;courses
кустование;кустование;interconnection, interconnecting
ладушки;ладу́шки;pat-a-cake
летом;ле́том;in summer
лётчик-космонавт;лётчик-космонавт;space pilot
литография;литография;lithograph, lithography
лук-порей;лу́к-поре́й;leek
любо;лю́бо;it is pleasant
любо-дорого;любо-до́рого;it is a real pleasure
маковые;ма́ковые;papaverous plants, Papaveraceae
малоразвитой;малоразвитой;underdeveloped, half-educated
маслоуловитель;маслоуловитель;oil catcher, oil collector
машинизированный;машинизи́рованный;provided with machines
меблированный;меблированный;furnished
медлительно;медлительно;sluggishly
местами;места́ми;here and there
метёт;метёт;there is a snow-storm
микрография;микрография;micrography
микрокалькулятор;микрокалькулятор;microcalculator
микрофарада;микрофарада;microfarad
лётчик-миллионер;лётчик-миллионер;pilot who has flown over a million kilometres
мимоездом;мимое́здом;in passing
миндалины;минда́лины;tonsil
многообъективный;многообъективный;multilens, multiple-lens
многоцилиндровый;многоцилиндровый;multicylinder
множимое;мно́жимое;multiplicand
моментами;моментами;now and then
мораториум;мораториум;moratorium
морозно;моро́зно;it freezes
мотогонки;мотогонки;motor-cycle races
моторалли;моторалли;motor-cycle rally
мультиплан;мультиплан;multiplane
набело;на́бело;clean, fair
навыкат;навы́кат;bulging
на-гора;на-гора́;to the surface, to the top
назади;назади;behind
назидательно;назида́тельно;didactically
наипаче;наипа́че;still more, in paticular
пруды-накопители;пруды-накопители;catching basins
наперекосяк;наперекосяк;aslant, askew
наперечёт;наперечёт;all without exception, there are few, there are not many
напрочно;на́прочно;firmly, solidly
натрое;на́трое;in three
натуго;на́туго;tightly
наудалую;наудалу́ю;recklessly
нахрапом;нахра́пом;all of a rush, high-handedly
нацело;на́цело;entirely, without a remainder, with nothing left over
начерно;на́черно;roughly
нашармака;нашармака;without paying
нашармачка;нашармачка́;without paying
неблагополучно;неблагополу́чно;not happily, not favourably
небогато;небога́то;in a small way
небронированный;небронированный;unarmoured
невидимкою;невиди́мкою;invisibly
неволей;нево́лей;forcibly, by force
негладко;негла́дко;unevenly, not smoothly, not fluently
недёшево;недёшево;at a considerable price, by spending much time, energy
недоброжелательно;недоброжела́тельно;with ill-will
недостойно;недосто́йно;it is unworthy, unworthily, meanly
нежирно;нежи́рно;nothing to write home about
незаклеенный;незаклеенный;unsealed
неизученный;неизученный;unstudied, obscure, unknown, unexplored
нелегально;нелега́льно;illegally
нелишне;нели́шне;it is not out of place
немалочисленный;немалочисленный;rather numerous
немилосердно;немилосе́рдно;unmercifully
немилостиво;неми́лостиво;ungraciously, severely
ненадобно;нена́добно;not wanted, unwanted, not necessary, unnecessary
ненамеренно;ненаме́ренно;unintentionally, unwittingly
необдуманно;необду́манно;rashly
необусловленный;необусловленный;unstipulated
неодолимо;неодоли́мо;invincibly
неоколониалистский;неоколониалистский;neo-colonialist
неопрокидывающийся;неопрокидывающийся;non-capsizable
неорганизованно;неорганизо́ванно;individually, each for himself, not organized
неосведомлённый;неосведомлённый;uninformed, ill-informed, unaware
неослабно;неосла́бно;unremittingly, assiduously
неотлучно;неотлу́чно;continually, constantly, permanently
неподобающе;неподобающе;in an unseemly manner, improperly
неполадки;неполадки;defects, fault, disagreement
непоследовательный;непосле́довательный;inconsistent, inconsequent
непочтительно;непочти́тельно;disrespectfully
непредубеждённый;непредубеждённый;unprejudiced, unbiased
непредусмотрительный;непредусмотрительный;improvident
непрестанно;непреста́нно;incessantly
непростительно;непрости́тельно;it is unforgivable, it is inexcusable, unpardonably
непутём;непутём;badly
неравно;неравно́;what if, I should, you should
несвязно;несвя́зно;incoherently
несказанно;несказа́нно;unspeakably, ineffably
нетоварищеский;нетоварищеский;unfriendly, uncomradely, distant
нетто;не́тто;net
неуважительно;неуважи́тельно;disrespectfully
неудовлетворительно;неудовлетвори́тельно;unsatisfactorily, unsatisfactory
неукрощённый;неукрощённый;untamed
неурегулированный;неурегулированный;outstanding, not settled
неусовершенствованный;неусовершенствованный;unimproved, not improved
нефтеносный;нефтеносный;oil-bearing, petroliferous
нецелесообразно;нецелесообра́зно;to no purpose, inexpediently
нешоссированный;нешоссированный;unmetalled
низом;ни́зом;along the bottom
новобрачные;новобрачные;the newly-weds
школа-новостройка;школа-новостройка;newly-built school
номинально;номина́льно;nominally
ноты;но́ты;music
обдуманно;обдуманно;deliberately, after careful consideration
обмороженный;обморо́женный;frost-bitten
обок;о́бок;close by, near
обособленно;обосо́бленно;apart, aloof, by oneself
обоюдно;обою́дно;mutually
обтрёпанный;обтрёпанный;frayed, shabby
общеизвестно;общеизве́стно;it is generally known, everyone knows that
общеупотребительный;общеупотребительный;current, in general use
общо;общо;generally
овдовевший;овдовевший;widowed
овдовелый;овдовелый;widowed
огулом;огу́лом;in a crowd, pell-mell, in a heap, wholesale
одёр;одёр;old hack
одесную;одесну́ю;to the right, on the right hand
одиножды;оди́ножды;one times
слово-однодневка;слово-однодневка;nonce-word
озимые;озимые;winter crops
океанография;океанография;oceanography
оковы;око́вы;fetters, bondage
околопестичный;околопестичный;perigynous
омерзительно;омерзи́тельно;sickeningly
оптом;о́птом;wholesale
оргтехника;оргте́хника;technical means and equipment for accounting, planning and analysis of operations
орудия;орудия;ordnance
осенью;о́сенью;in autumn, fall
осквернительница;осквернительница;defiler, profaner
отварной;отварной;boiled
отвлекающий;отвлекающий;counter-attracting
отколе;отко́ле;whence, where from
откуда-либо;отку́да-либо;from somewhere or other
откуда-нибудь;отку́да-нибудь;from somewhere or other
отроду;о́троду;never, as long as one lives
отселе;отсе́ле;hence
отступя;отступя́;off
оттоле;отто́ле;thence, from there
офтальмолог;офтальмолог;ophthalmologist
оцинкованный;оцинкованный;zinc-coated
очистки;очистки;peelings
ошуюю;ошу́юю;to the left, on the left hand
ощупью;о́щупью;groping, fumblingly, by touch
пагубно;па́губно;ruinously, perniciously, banefully
пантомим;пантомим;pantomime, mime, dumb show
парапсихология;парапсихология;parapsychology
парит;парит;it is sultry
паронепроницаемый;паронепроницаемый;steam-tight, steam-proof
пасмурно;пасмурно;it is cloudy, it is dull
пацифизм;пацифизм;pacifism
пелёнки;пелёнки;nappies, swaddling clothes
пельмени;пельмени;pelmeni
пентаметрический;пентаметрический;pentametric, pentameter
перво-наперво;перво-на́перво;first of all
переборот;перебо́рот;overcome, subdue
перевёртывать;перевёртывать;turn over, turn, overwind
перевыборы;перевыборы;election, re-election
перегной;перегной;humus
перекаты;перека́ты;shallows, peals, rolls
переливы;перели́вы;tints, tinges, play, modulations
переплётная;переплётная;bindery
перпендикулярно;перпендикуля́рно;perpendicularly
перфокарта;перфокарта;punched card
пианиссимо;пиани́ссимо;pianissimo
пиано;пиа́но;piano
пиччикато;пиччика́то;pizzicato
планёр-паритель;планёр-паритель;soaring glider
планета-спутник;планета-спутник;satellite
платёжеспособный;платёжеспособный;solvent
плиссе;плиссе́;accordion pleats, accordion-pleated
плясовой;плясовой;dance
побольше;побольше;a little older, a little more
по-братски;по-бра́тски;fraternally, like a brother, like brothers
повально;пова́льно;without exception
поварёшка;поварёшка;ladle
поверхностно;поверхностно;superficially, perfunctorily, in a perfunctory manner
по-весеннему;по-весе́ннему;as in spring
повседневно;повседне́вно;daily, everyday
повыше;повы́ше;a little higher, a little taller, a little higher up
подальше;пода́льше;somewhat, a little, as far as possible, away, rather far off
подделывательница;подделывательница;falsifier, forger
по-дедовски;по-де́довски;as of old
подекадно;подека́дно;every ten days
подённо;подённо;by the day
подобру-поздорову;подобру-поздоро́ву;in good time, with a whole skin, while you are still on one piece
подробнее;подро́бнее;at greater length
по-дружески;по-дру́жески;in a friendly way, as a friend
подтяжки;подтя́жки;braces, suspenders
по-дурацки;по-дура́цки;foolishly, like a fool
по-зверски;по-зве́рски;brutally, like a beast, bestially
позволь;позволь;allow me
позже;по́зже;later
по-зимнему;по-зи́мнему;as in winter
поимённый;поимённый;nominal
поквартально;покварта́льно;by the quarter, per quarter, every quarter
полкило;полкило́;half a kilogram
полагается;пола́гается;one is supposed
полегоньку;полего́ньку;by easy stages
полегче;поле́гче;lighter, a little easier, a little less difficult
по-летнему;по-ле́тнему;as in summer
ползком;ползком;crawling, on all fours, on hands and knees
поливитамины;поливитамины;polyvitamins
полиграфия;полиграфи́я;polygraphy, printing trades
полимеры;полимеры;polymers
пол-литра;пол-литра;half litre, half litre bottle
полным-полно;полным-полно;full
полукопытный;полукопытный;subungulate
полупальто;полупальто;short coat
получше;полу́чше;a little better, rather better
полушерстяной;полушерстяно́й;half-woollen
полушутя;полушутя́;half in jest
полюбовно;полюбо́вно;amicably
по-людски;по-людски́;as others do, in the accepted manner
по-мальчишески;по-мальчи́шески;in a boyish way, like a boy
поменьше;поме́ньше;a little less, less
помесячно;поме́сячно;by the month, per month, monthly
помнится;по́мнится;I remember
по-над;по-на́д;along, by
понарошку;понаро́шку;for fun, pretending, in pretence
понедельно;понеде́льно;by the week, per week, weekly
пониже;пони́же;lower, shorter
по-осеннему;по-осе́ннему;as in autumn
попозже;попо́зже;later
пополуночи;пополу́ночи;after midnight, ante meridiem
по-приятельски;по-прия́тельски;as a friend, in a friendly manner
попудно;попу́дно;by the pood
пораньше;пора́ньше;a bit earlier, as early as possible
порожняком;порожняко́м;empty, without a load
поротно;поро́тно;by companies
по-рыцарски;по-рыцарски;in a chivalrous manner
по-свойски;по-сво́йски;in a familiar way
поскорее;поскоре́е;somewhat quicker
посменно;посменно;in turn, by turns
по-соседски;по-сосе́дски;in a neighbourly way
посотенно;посо́тенно;by the hundred, by hundreds
посредственно;посредственно;so-so, fair, satisfactory
постановили;постановили;resolved
посуточно;посу́точно;by the day
посуху;по́суху;on dry land
по-твоему;по-тво́ему;in, according to, your opinion, to your way of thinking, as you wish, as you would have it, as you advise
потруднее;потрудне́е;more difficult
потупившись;поту́пившись;with downcast eyes
поурочно;поуро́чно;by the piece
похолодало;похолода́ло;it has got colder
почему-либо;почему́-либо;for some reason of other
почему-нибудь;почему-нибудь;for some reason of other
поштучно;поштучно;by the piece
превратно;превра́тно;wrongly
прекрасное;прекрасное;the beautiful
прерывисто;преры́висто;in a broken way
престолонаследница;престолонаследница;successor to the throne
преумножение;преумножение;augmenting
привязанный;привязанный;attached
призма-отражатель;призма-отражатель;reflecting prism
приметы;приметы;distinctive marks
примирительница;примирительница;reconciler, conciliator, peace-maker
примиряюще;примиря́юще;in a conciliatory way
принуждённый;принуждённый;constrained, forced
принципиальничать;принципиальничать;be over-scrupulous
пристрастно;пристра́стно;with partiality, with prejudice
присутствующие;присутствующие;those present
продуктивно;продукти́вно;productively, efficiently
проездом;прое́здом;in transit, passing through, in the course of a journey
простёгивать;простёгивать;to quilt
противоипритный;противоипритный;anti-mustard-gas
противокислотный;противокислотный;acid-proof
противолихорадочный;противолихорадочный;antifebrile
противоснарядный;противоснарядный;shell-proof
протоактиний;протоактиний;protoactinium
профанация;профана́ция;profanation
профтехучилище;профтехучилище;vocational training school, trade school
проще;проще;simplest, easiest, simpler, easier
прямёхонько;прямёхонько;straight, directly
психоневропатологический;психоневропатологический;psychoneuropathologic
психоневропатология;психоневропатология;psychoneuropathology
пунктуально;пунктуа́льно;punctually, on the dot
пятинедельный;пятинедельный;of five weeks, five-week, five-week-old
равноотстоящий;равноотстоящий;equidistant
рад-радёшенек;рад-радёшенек;pleased as Punch
радужно;радужно;cheerfully
разведённый;разведённый;divorced, divorcee, divorce
раздражительно;раздражи́тельно;with irritation, in irritation, in a temper, irritably
размашисто;разма́шисто;boldly, in a sweeping manner
разобщённо;разобщённо;apart, separately
разок-другой;разо́к-другой;once or twice
ракета-носитель;раке́та-носи́тель;carrier rocket
рамки;ра́мки;limits
раскованно;раскованно;relaxedly, in a relaxed manner
раскрепощённый;раскрепощённый;emancipated, liberated
распарывание;распарывание;ripping, unripping
рассвело;рассвело́;it is already light
расчётливо;расчётливо;prudently, economically, sparingly
рационально;рациона́льно;rationally
ре-диез;ре-диез;D sharp
рекогносцировочный;рекогносциро́вочный;reconnoitring, reconnaissance
рекогносцировщик;рекогносцировщик;reconnoitrer
рельефно;релье́фно;in relief, boldly
реснички;ресни́чки;cilia
республиканство;республиканство;republicanism
ретиво;рети́во;zealously
родом;ро́дом;by origin, by birth
розно;ро́зно;apart, separately
розовато-белый;розовато-белый;pinky-white, pinkish-white
сам-друг;сам-дру́г;with one other, two, not alone but accompanied by another person, double, twice as much
скатерть-самобранка;скатерть-самобранка;magic table-cloth
самодовольно;самодово́льно;complacently, smugly
самолёт-торпедоносец;самолёт-торпедоносец;torpedo aircraft
самонадеянно;самонаде́янно;conceitedly, presumptuously, perkily
самоотверженно;самоотве́рженно;selflessly
самотёком;самотёком;by gravity
самотормозящийся;самотормозящийся;self-braking, self-catching, self-stopping
самоуверенно;самоуве́ренно;with self-confidence, with self-assurance
сам-пят;сам-пят;with four others, fivefold
сам-сём;сам-сём;with six others, sevenfold
сам-третей;сам-третей;with two others, three times as much
сам-четвёрт;сам-четвёрт;with three others, fourfold
сам-шёст;сам-шёст;with five others, sixfold
саркастически;саркасти́чески;sarcastic
сверхурочно;сверхуро́чно;overtime
глагол-связка;глаго́л-свя́зка;link-verb
сдельно;сде́льно;by the job
севернее;се́вернее;to the north, northward, further north
семью;се́мью;seven times
силой;си́лой;by force
силком;силко́м;by force
сиротливо;сиротли́во;lonely
скачками;скачка́ми;by leaps, by fits and starts
склады;скла́ды;syllables
скопом;ско́пом;in a crowd, all together, en masse
скорее;скоре́е;rather, sooner
скорей;скорей;rather, sooner
скученно;ску́ченно;densely, in density, in congestion
слабовато;слабова́то;rather badly
слащаво;слаща́во;all sugar and honey
слёзно;слёзно;tearfully
слесарь-инструментальщик;слесарь-инструментальщик;look-maker
слитно;сли́тно;together
случаем;случаем;by any chance
совокупно;совоку́пно;jointly, in common
согласованно;согласованно;in concord
солидарно;солида́рно;jointly
сомнительно;сомни́тельно;it is doubtful
сослепа;со́слепа;due to poor sight
сослепу;сослепу;due to poor sight
сохранно;сохра́нно;safely
спортсмен-спелеолог;спортсмен-спелеолог;pot-holer
сплеча;сплеча́;straight from shoulder, on the spur of the moment
спроста;спроста́;artlessly, with an open heart, without reflection
спутанно;спу́танно;confusingly, in a confused way
спьяна;спья́на;in a state of drunkenness
сряду;сря́ду;running
стаккато;стаккато;staccato
стенографический;стенографический;stenographic, shorthand
стенография;стенография;stenography, shorthand
стереофонический;стереофонический;stereophonic
стоймя;стоймя;upright
стократ;стокра́т;a hundred times, hundredfold
строго-настрого;строго-на́строго;very strictly
студент-медик;студент-медик;medical student
сызмала;сы́змала;from ever since, from a since, from a child, since one was a child
сырьём;сырьём;raw
так-таки;та́к-таки;really
там-сям;там-ся́м;here and there
телеграмма-молния;телеграмма-молния;express telegram
телекс;те́лекс;telex
телефильм;телефи́льм;telefilm
телефотоаппарат;телефотоаппарат;long-range camera
темнеет;темнеет;it is getting dark
темным-темно;темным-темно́;pitch-dark
угро-финский;угро-финский;Ugro-Finnic
удовлетворительно;удовлетворительно;satisfactorily, satisfactory, fair
уединённо;уединённо;solitarily, in solitude
узникузница;узникузница;prisoner
уменьшаемое;уменьша́емое;minuend
умеючи;уме́ючи;skilfully, with skill
умнее;умне́е;wiser
уморительно;умори́тельно;it is extremely funny, it makes one rock with laughter
уранопластика;уранопластика;uranoplastics
урождённая;урождённая;nee, born
успеется;успее́тся;there is still time, there is no need to hurry
устои;устои;foundations, basis
утром;у́тром;in the morning
ухабы;ухабы;pits and bumps
бешенный;бе́шенный;mad, rabid, crazy
по-гречески;по-гре́чески;speak in Greek
занозиться;занозиться;to make trouble with smb, to have trouble with smb
трезвон;трезвон;peal, ringing, gossip, rumours, row, shindy
знакомо;знако́мо;familiar
познавательно;познава́тельно;Educational
извините;извини́те;sorry!
школа-интернат;школа-интернат;boarding school
несколькие;не́сколькие;several, some, a few
ясненько;ясне́нько;mmmokay
флексия;фле́ксия;inflexion
берегись;береги́сь;watch out, be careful
окей;оке́й;okay, ok
ФИО;ФИО́;last name first name patronymic
дано;да́но;given, capable
шеф-повар;шеф-по́вар;chef, head-cook
вагон-холодильник;вагон-холодильник;refrigerator van
позднее;поздне́е;later
четырёхголосный;четырёхголосный;four-part
пукнуть;пу́кнуть;fart
запускаться;запуска́ться;start up
рискованно;риско́ванно;risky
народый;народый;Popular, folk., national
выгорание;выгорание;burnout
Топтыгин;Топтыгин;Bruin
тренерша;тренерша;female trainer, female coach
трёхгодичный;трёхгодичный;three-year, triennial
трёхдневный;трёхдневный;three-day, of three days
трёхколёсный;трёхколёсный;three-wheeled
трёхцветный;трёхцветный;three-coloured, of three colours, tricolour, trichromatic
обалденный;обалденный;amazing
упёртый;упёртый;stubborn
фанатичность;фанатичность;fanaticism
феерия;феерия;play, ballet, based on a fairytale
фартовый;фарто́вый;lucky, fine, smashing
фарцовщица;фарцовщица;black-marketeer, spiv
фаршировать;фаршировать;stuff
феминист;феминист;feminist
феминистский;феминистский;feministic
ферментация;ферментация;fermentation
ферментировать;ферментировать;ferment
фигово;фигово;sucks
фиксаж;фикса́ж;fixing solution, fixer
фиксатор;фиксатор;pawl, stop, latch, holder
фиксатуар;фиксатуар;fixative, hair-grease
фиксатив;фиксатив;fixative
филантропический;филантропи́ческий;philanthropic
филантропия;филантропия;philanthropy
фильтрат;фильтрат;filtrate
фильтровальный;фильтровальный;filter
финишный;фи́нишный;finishing
флегматик;флегматик;phlegmatic person
флейтистка;флейтистка;flutist
фотографически;фотографи́чески;photographically
хуй;хуй;dick, fuck, fucking
холестерол;холестерол;cholesterol
хором;хо́ром;in chorus, all together
хрящевой;хрящевой;cartilaginous, gristly
худо-бедно;худо-бе́дно;at the very least, the very smallest
часом;ча́сом;sometimes, at times, now and then, by chance
человековедение;человековедение;study of human nature
чревато;чревато;fraught with
шиворот-навыворот;ши́ворот-навы́ворот;topsy-turvy, the wrong way round, upside-down
шифрованный;шифрованный;ciphered, written in cipher, cipher, code
экологичный;экологичный;eco-friendly
экранирование;экранирование;screening, shielding
южнее;южне́е;to the south, southward, further south
яичница-глазунья;яичница-глазунья;fried eggs
апатитовый;апатитовый;Adjective of апатит
арьергардный;арьергардный;Adjective of арьергард
курдянка;курдянка;Kurdish woman
человеконенавистник;человеконенави́стник;man-hater, hater of mankind, misanthrope
языковедческий;языкове́дческий;linguistic
друг друга;друг друга;each other
до свидания;до свида́ния;bye (formal)
доброе утро;до́брое у́тро;good morning
добрый день;до́брый день;good day
добрый вечер;добрый вечер;good evening
потому что;потому́ что;because
кредитная карта;креди́тная ка́рта;credit card, CC
все;все;everybody
на самом деле;на самом деле;actually, as a matter of fact
меня;меня́;genitive of I
тебя;тебя́;"genetive of ""you"""
нас;нас;"genetive of ""we"""
вас;вас;you, you
мне;мне;"dative of ""I"""
тебе;тебе́;"dative of ""you"""
ему;ему́;"dative of ""he"", dative of ""it"""
ей;ей;"dative of ""she"""
нам;нам;"dative of ""we"""
вам;вам;"dative of ""you (plural)"", dative of ""you (formal)"""
им;им;"dative of ""they"""
есть;есть;there is, there are
это-то;это-то;that is, that́s, it́s
добро пожаловать;добро́ пожа́ловать;welcome!
с тех пор;с тех пор;since then
уж;уж;really
тут;тут;here, now
простите;прости́те;forgive me, excuse me, sorry
зовут;зову́т;to be called
экстремально;экстрема́льно;extreme
репчатый лук;репчатый лук;garden onion
парами;па́рами;two of ...
вничью;вничью́;draw (sport)
начиная;начина́я;from ..., starting from ...
экстренная контрацепция;экстренная контрацепция;the morning-after pill
специальное предложение;специальное предложение;special offer
стыковочный рейс;стыковочный рейс;connecting flight
указатель поворота;указатель поворота;turn indicator, turn signal
отказано;отказано;denied
помедленнее;помедленнее;slower, more slowly
натурал;натурал;heterosexual
сверху донизу;све́рху до́низу;from top to bottom
слоновая кость;слоно́вая кость;ivory
приют для животных;прию́т для живо́тных;animal shelter
приют для беженцев;прию́т для бе́женцев;refugee shelter
